run_label,model_case_name,candidate_name,sweep_name,peak_tension,mean_tension,peak_pull_mm,peak_branch_imbalance_mm,tau_error_rms,tau_error_peak,tau_error_rel_rms,tau_error_rel_peak,score,rejected,reject_reasons
two_guide_first_pass,large_nominal,twoG_b-p_m_l-0.25_0.65_o--5.00_-5.00_al-0.80_ao--4.00_ex--8.00_ey--4.00,flexion_sweep,1.770120701442527,1.1049709091505089,21.392824661115867,0.0,0.0029834289050719737,0.004437911891509675,0.43199444173954044,0.6447790082272614,0.8542392093805087,False,
two_guide_first_pass,large_nominal,twoG_b-p_m_l-0.25_0.65_o--3.00_-3.00_al-0.80_ao--4.00_ex--8.00_ey--4.00,flexion_sweep,1.9861414696112718,1.3085442179848195,17.82221248786763,0.0,0.0028759588878505015,0.003966403439762,0.4470307105091187,0.7413239237686308,0.8561780368841712,False,
two_guide_first_pass,nominal_nominal,twoG_b-p_m_l-0.25_0.65_o--5.00_-5.00_al-0.80_ao--4.00_ex--8.00_ey--4.00,flexion_sweep,1.8743424736924563,1.1526369275202,20.589180103702446,0.0,0.0031219379451477803,0.0045772799430511355,0.44122173567083756,0.6470257229098378,0.8628638402584656,False,
two_guide_first_pass,nominal_nominal,twoG_b-p_m_l-0.25_0.65_o--3.00_-3.00_al-0.80_ao--4.00_ex--8.00_ey--4.00,flexion_sweep,2.12154688990728,1.3764786603225763,16.978922388192387,0.0,0.0030453418341195443,0.004106202933382239,0.45959788004491087,0.7432568198569669,0.8708541075847349,False,
two_guide_first_pass,small_nominal,twoG_b-p_m_l-0.25_0.65_o--5.00_-5.00_al-0.80_ao--4.00_ex--8.00_ey--4.00,flexion_sweep,1.9903210891675207,1.2043788976373049,19.78189756315591,0.0,0.0033201315685207878,0.00485813579694209,0.4533273967179707,0.649331055320575,0.8755019757885617,False,
two_guide_first_pass,large_mid,twoG_b-p_m_l-0.25_0.65_o--5.00_-5.00_al-0.80_ao--4.00_ex--8.00_ey--4.00,flexion_sweep,2.0356388066589064,1.270716545523085,21.392824661115867,0.0,0.0034309432408327688,0.005103598675236123,0.4319944417395403,0.6447790082272614,0.8807910199021465,False,
two_guide_first_pass,large_mid,twoG_b-p_m_l-0.25_0.65_o--3.00_-3.00_al-0.80_ao--4.00_ex--8.00_ey--4.00,flexion_sweep,2.284062690052963,1.5048258506825423,17.82221248786763,0.0,0.0033073527210280757,0.004561363955726299,0.44703071050911863,0.741323923768631,0.8859701589283403,False,
two_guide_first_pass,large_nominal,twoG_b-p_m_l-0.45_0.65_o--5.00_-5.00_al-0.80_ao--4.00_ex--8.00_ey--4.00,flexion_sweep,1.8274586200576606,1.133610404391586,20.86833724354979,0.0,0.0035233030757391677,0.005255336449026947,0.4683995025748464,0.6480207010752812,0.8891083103190158,False,
two_guide_first_pass,small_nominal,twoG_b-p_m_l-0.25_0.65_o--3.00_-3.00_al-0.80_ao--4.00_ex--8.00_ey--4.00,flexion_sweep,2.2762350300209935,1.452249731211905,16.12623675677098,0.0,0.003273551333053208,0.004389733911709055,0.47490165897678716,0.7451192545840543,0.8900921712313234,False,
two_guide_first_pass,nominal_mid,twoG_b-p_m_l-0.25_0.65_o--5.00_-5.00_al-0.80_ao--4.00_ex--8.00_ey--4.00,flexion_sweep,2.1554938447463248,1.3255324666482295,20.589180103702446,0.0,0.0035902286369199465,0.005263871934508809,0.4412217356708374,0.6470257229098375,0.8909789773638523,False,
two_guide_first_pass,nominal_nominal,twoG_b-p_m_l-0.45_0.65_o--5.00_-5.00_al-0.80_ao--4.00_ex--8.00_ey--4.00,flexion_sweep,1.9249590374455314,1.1779420719323261,20.135919267134085,0.0,0.003707208631771341,0.005535135223998866,0.47793839478599554,0.6496720825741326,0.8984051476341205,False,
two_guide_first_pass,nominal_mid,twoG_b-p_m_l-0.25_0.65_o--3.00_-3.00_al-0.80_ao--4.00_ex--8.00_ey--4.00,flexion_sweep,2.439778923393372,1.5829504593709622,16.978922388192387,0.0,0.0035021431092374746,0.004722133373389576,0.45959788004491087,0.743256819856967,0.9026773109333441,False,
two_guide_first_pass,small_mid,twoG_b-p_m_l-0.25_0.65_o--5.00_-5.00_al-0.80_ao--4.00_ex--8.00_ey--4.00,flexion_sweep,2.2888692525426486,1.3850357322829006,19.78189756315591,0.0,0.0038181513037989045,0.005586856166483403,0.4533273967179707,0.649331055320575,0.9053567921260744,False,
two_guide_first_pass,large_high,twoG_b-p_m_l-0.25_0.65_o--5.00_-5.00_al-0.80_ao--4.00_ex--8.00_ey--4.00,flexion_sweep,2.3011569118752853,1.4364621818956618,21.392824661115867,0.0,0.0038784575765935664,0.005769285458962581,0.43199444173954044,0.6447790082272616,0.9073428304237845,False,
two_guide_first_pass,large_nominal,twoG_b-p_m_l-0.45_0.65_o--3.00_-3.00_al-0.80_ao--4.00_ex--8.00_ey--4.00,flexion_sweep,2.0496974680317384,1.331585249214756,17.470755749177187,0.0,0.0036863525163001788,0.005107954831009988,0.49789613781492065,0.7508651520116592,0.9077059352620414,False,
two_guide_first_pass,small_nominal,twoG_b-p_m_l-0.45_0.65_o--5.00_-5.00_al-0.80_ao--4.00_ex--8.00_ey--4.00,flexion_sweep,2.0317163764442236,1.2255088197836224,19.400644318842765,0.0,0.003943830327442355,0.005944216748906438,0.4899901703234463,0.6513649137547812,0.9111194654209361,False,
two_guide_first_pass,large_high,twoG_b-p_m_l-0.25_0.65_o--3.00_-3.00_al-0.80_ao--4.00_ex--8.00_ey--4.00,flexion_sweep,2.581983910494654,1.7011074833802653,17.82221248786763,0.0,0.0037387465542056534,0.005156324471690603,0.44703071050911874,0.7413239237686311,0.9157622809725094,False,
two_guide_first_pass,large_mid,twoG_b-p_m_l-0.45_0.65_o--5.00_-5.00_al-0.80_ao--4.00_ex--8.00_ey--4.00,flexion_sweep,2.1015774130663094,1.3036519650503238,20.86833724354979,0.0,0.004051798537100042,0.00604363691638099,0.46839950257484636,0.6480207010752813,0.9165201896198807,False,
two_guide_first_pass,nominal_high,twoG_b-p_m_l-0.25_0.65_o--5.00_-5.00_al-0.80_ao--4.00_ex--8.00_ey--4.00,flexion_sweep,2.4366452158001937,1.4984280057762598,20.589180103702446,0.0,0.004058519328692115,0.005950463925966481,0.44122173567083756,0.6470257229098378,0.9190941144692394,False,
two_guide_first_pass,small_mid,twoG_b-p_m_l-0.25_0.65_o--3.00_-3.00_al-0.80_ao--4.00_ex--8.00_ey--4.00,flexion_sweep,2.617670284524142,1.6700871908936903,16.12623675677098,0.0,0.003764584033011188,0.005048193998465411,0.47490165897678704,0.7451192545840541,0.9242356966816383,False,
two_guide_first_pass,nominal_nominal,twoG_b-p_m_l-0.45_0.65_o--3.00_-3.00_al-0.80_ao--4.00_ex--8.00_ey--4.00,flexion_sweep,2.1734796603371946,1.3921994373716753,16.707166089783172,0.0,0.003957579361345919,0.005534757472153991,0.5131047244970086,0.7523434478582149,0.9249850783280781,False,
two_guide_first_pass,nominal_mid,twoG_b-p_m_l-0.45_0.65_o--5.00_-5.00_al-0.80_ao--4.00_ex--8.00_ey--4.00,flexion_sweep,2.2137028930623606,1.354633382722175,20.135919267134085,0.0,0.004263289926537041,0.006365405507598697,0.4779383947859955,0.6496720825741324,0.9272795331958034,False,
two_guide_first_pass,nominal_high,twoG_b-p_m_l-0.25_0.65_o--3.00_-3.00_al-0.80_ao--4.00_ex--8.00_ey--4.00,flexion_sweep,2.758010956879464,1.7894222584193493,16.978922388192387,0.0,0.0039589443843554084,0.005338063813396918,0.4595978800449109,0.743256819856967,0.9345005142819535,False,
two_guide_first_pass,small_high,twoG_b-p_m_l-0.25_0.65_o--5.00_-5.00_al-0.80_ao--4.00_ex--8.00_ey--4.00,flexion_sweep,2.5874174159177774,1.5656925669284967,19.78189756315591,0.0,0.004316171039077026,0.006315576536024722,0.4533273967179708,0.6493310553205749,0.9352116084635876,False,
two_guide_first_pass,large_mid,twoG_b-p_m_l-0.45_0.65_o--3.00_-3.00_al-0.80_ao--4.00_ex--8.00_ey--4.00,flexion_sweep,2.357152088236499,1.5313230365969694,17.470755749177187,0.0,0.004239305393745204,0.005874148055661483,0.4978961378149206,0.7508651520116594,0.9384513972825173,False,
two_guide_first_pass,small_mid,twoG_b-p_m_l-0.45_0.65_o--5.00_-5.00_al-0.80_ao--4.00_ex--8.00_ey--4.00,flexion_sweep,2.3364738329108574,1.4093351427511653,19.400644318842765,0.0,0.004535404876558707,0.006835849261242404,0.4899901703234462,0.6513649137547812,0.9415952110675995,False,
two_guide_first_pass,large_high,twoG_b-p_m_l-0.45_0.65_o--5.00_-5.00_al-0.80_ao--4.00_ex--8.00_ey--4.00,flexion_sweep,2.375696206074959,1.473693525709062,20.86833724354979,0.0,0.00458029399846092,0.006831937383735037,0.46839950257484647,0.6480207010752813,0.9439320689207458,False,
two_guide_first_pass,small_nominal,twoG_b-p_m_l-0.45_0.65_o--3.00_-3.00_al-0.80_ao--4.00_ex--8.00_ey--4.00,flexion_sweep,2.3116477652738365,1.4586223520905908,15.935114952704438,0.0,0.004283405283663327,0.006100742210736617,0.5307653064497282,0.7537107481841413,0.9460737148497695,False,
two_guide_first_pass,nominal_high,twoG_b-p_m_l-0.45_0.65_o--5.00_-5.00_al-0.80_ao--4.00_ex--8.00_ey--4.00,flexion_sweep,2.5024467486791906,1.531324693512024,20.135919267134085,0.0,0.004819371221302745,0.007195675791198531,0.4779383947859956,0.6496720825741328,0.9561539187574865,False,
two_guide_first_pass,nominal_mid,twoG_b-p_m_l-0.45_0.65_o--3.00_-3.00_al-0.80_ao--4.00_ex--8.00_ey--4.00,flexion_sweep,2.4995016093877735,1.6010293529774262,16.707166089783172,0.0,0.004551216265547805,0.0063649710929770875,0.5131047244970085,0.7523434478582147,0.957587273233136,False,
two_guide_first_pass,small_high,twoG_b-p_m_l-0.25_0.65_o--3.00_-3.00_al-0.80_ao--4.00_ex--8.00_ey--4.00,flexion_sweep,2.959105539027292,1.8879246505754765,16.12623675677098,0.0,0.004255616732969172,0.005706654085221775,0.4749016589767872,0.7451192545840543,0.9583792221319534,False,
two_guide_first_pass,large_nominal,twoG_b-p_m_l-0.65_0.65_o--5.00_-5.00_al-0.80_ao--4.00_ex--8.00_ey--4.00,flexion_sweep,1.9534627682817713,1.1887929330362697,19.822344968974477,0.0,0.0047261978292590864,0.007556104946355552,0.5433382978345164,0.6544937795158456,0.9620671875183653,False,
two_guide_first_pass,large_high,twoG_b-p_m_l-0.45_0.65_o--3.00_-3.00_al-0.80_ao--4.00_ex--8.00_ey--4.00,flexion_sweep,2.66460670844126,1.7310608239791834,17.470755749177187,0.0,0.004792258271190233,0.006640341280312985,0.4978961378149207,0.7508651520116596,0.9691968593029934,False,
two_guide_first_pass,nominal_nominal,twoG_b-p_m_l-0.65_0.65_o--5.00_-5.00_al-0.80_ao--4.00_ex--8.00_ey--4.00,flexion_sweep,2.044103185120527,1.2292000835330612,19.195209954898004,0.0,0.0049128120172379245,0.007890930663088963,0.5503171392959069,0.6554257474049844,0.9696422385663641,False,
two_guide_first_pass,small_high,twoG_b-p_m_l-0.45_0.65_o--5.00_-5.00_al-0.80_ao--4.00_ex--8.00_ey--4.00,flexion_sweep,2.641231289377491,1.593161465718709,19.400644318842765,0.0,0.005126979425675063,0.007727481773578378,0.48999017032344633,0.6513649137547812,0.9720709567142629,False,
two_guide_first_pass,small_nominal,twoG_b-p_m_l-0.65_0.65_o--5.00_-5.00_al-0.80_ao--4.00_ex--8.00_ey--4.00,flexion_sweep,2.141633164112173,1.2720172268836714,18.565825468505224,0.0,0.005138888466479187,0.008320707145882476,0.559114063362481,0.6563825831796546,0.9797190098754648,False,
two_guide_first_pass,small_mid,twoG_b-p_m_l-0.45_0.65_o--3.00_-3.00_al-0.80_ao--4.00_ex--8.00_ey--4.00,flexion_sweep,2.6583949300649112,1.677415704904179,15.935114952704438,0.0,0.004925916076212825,0.007015853542347107,0.5307653064497282,0.7537107481841415,0.980748431328877,False,
two_guide_first_pass,nominal_high,twoG_b-p_m_l-0.45_0.65_o--3.00_-3.00_al-0.80_ao--4.00_ex--8.00_ey--4.00,flexion_sweep,2.8255235584383533,1.8098592685831778,16.707166089783172,0.0,0.005144853169749696,0.00719518471380019,0.5131047244970087,0.7523434478582147,0.9901894681381941,False,
two_guide_first_pass,large_mid,twoG_b-p_m_l-0.65_0.65_o--5.00_-5.00_al-0.80_ao--4.00_ex--8.00_ey--4.00,flexion_sweep,2.2464821835240367,1.36711187299171,19.822344968974477,0.0,0.0054351275036479485,0.008689520688308883,0.5433382978345164,0.6544937795158458,0.9913691290425917,False,
two_guide_first_pass,nominal_mid,twoG_b-p_m_l-0.65_0.65_o--5.00_-5.00_al-0.80_ao--4.00_ex--8.00_ey--4.00,flexion_sweep,2.3507186628886063,1.4135800960630203,19.195209954898004,0.0,0.0056497338198236114,0.009074570262552305,0.5503171392959069,0.6554257474049843,1.000303786343172,False,
two_guide_first_pass,large_nominal,twoG_b-p_m_l-0.65_0.65_o--3.00_-3.00_al-0.80_ao--4.00_ex--8.00_ey--4.00,flexion_sweep,2.194326792497527,1.389775937442638,16.512526837094157,0.0,0.005268613160201949,0.00805385513461764,0.5903309745943984,0.7606302335410074,1.0008469017733277,False,
two_guide_first_pass,small_mid,twoG_b-p_m_l-0.65_0.65_o--5.00_-5.00_al-0.80_ao--4.00_ex--8.00_ey--4.00,flexion_sweep,2.4628781387289984,1.4628198109162214,18.565825468505224,0.0,0.005909721736451063,0.009568813217764847,0.5591140633624808,0.6563825831796544,1.0118435073371472,False,
two_guide_first_pass,small_high,twoG_b-p_m_l-0.45_0.65_o--3.00_-3.00_al-0.80_ao--4.00_ex--8.00_ey--4.00,flexion_sweep,3.0051420948559877,1.8962090577177677,15.935114952704438,0.0,0.005568426868762326,0.007930964873957606,0.5307653064497283,0.7537107481841416,1.0154231478079847,False,
two_guide_first_pass,nominal_nominal,twoG_b-p_m_l-0.65_0.65_o--3.00_-3.00_al-0.80_ao--4.00_ex--8.00_ey--4.00,flexion_sweep,2.3071565482219376,1.443188963791102,15.860211532128389,0.0,0.005556266977235071,0.008566716964942584,0.6030994862581053,0.7615639557035293,1.0161765668170215,False,
two_guide_first_pass,large_high,twoG_b-p_m_l-0.65_0.65_o--5.00_-5.00_al-0.80_ao--4.00_ex--8.00_ey--4.00,flexion_sweep,2.539501598766303,1.5454308129471506,19.822344968974477,0.0,0.006144057178036815,0.009822936430262224,0.5433382978345165,0.6544937795158459,1.0206710705668185,False,
two_guide_first_pass,nominal_nominal,twoG_b-p_m_l-0.25_0.45_o--5.00_-5.00_al-0.80_ao--4.00_ex--8.00_ey--4.00,flexion_sweep,1.9573511536729888,1.1866330540199101,19.688196749706805,0.0,0.005678784159631539,0.010016771158865583,0.6071499547840826,0.6464781660117653,1.0240077609170999,False,
two_guide_first_pass,large_nominal,twoG_b-p_m_l-0.25_0.45_o--5.00_-5.00_al-0.80_ao--4.00_ex--8.00_ey--4.00,flexion_sweep,1.8552060641307586,1.1404301790611864,20.422360351923118,0.0,0.005599284572281493,0.009887267521234984,0.6075046033324537,0.6453298596082391,1.0240951537945988,False,
two_guide_first_pass,small_nominal,twoG_b-p_m_l-0.25_0.45_o--5.00_-5.00_al-0.80_ao--4.00_ex--8.00_ey--4.00,flexion_sweep,2.0704530724841095,1.2366727570075293,18.949718109729233,0.0,0.005789387418493945,0.010214011805698274,0.6081774524600637,0.6477183223750008,1.0263511943767796,False,
two_guide_first_pass,nominal_high,twoG_b-p_m_l-0.65_0.65_o--5.00_-5.00_al-0.80_ao--4.00_ex--8.00_ey--4.00,flexion_sweep,2.6573341406566855,1.5979601085929795,19.195209954898004,0.0,0.006386655622409303,0.010258209862015654,0.550317139295907,0.6554257474049843,1.03096533411998,False,
two_guide_first_pass,large_mid,twoG_b-p_m_l-0.65_0.65_o--3.00_-3.00_al-0.80_ao--4.00_ex--8.00_ey--4.00,flexion_sweep,2.523475811372156,1.5982423280590332,16.512526837094157,0.0,0.00605890513423224,0.009261933404810288,0.5903309745943982,0.7606302335410078,1.0337618036607907,False,
two_guide_first_pass,small_nominal,twoG_b-p_m_l-0.65_0.65_o--3.00_-3.00_al-0.80_ao--4.00_ex--8.00_ey--4.00,flexion_sweep,2.4300639374465405,1.500676037798161,15.200729366026096,0.0,0.005887484152542465,0.009187315286031004,0.6176720922731114,0.7623821170677445,1.034260599144543,False,
two_guide_first_pass,nominal_nominal,twoG_b-p_m_l-0.45_0.45_o--5.00_-5.00_al-0.80_ao--4.00_ex--8.00_ey--4.00,flexion_sweep,1.955786781272872,1.1900626823232672,19.52398144209488,0.0,0.00603258754927372,0.010534756586486364,0.6239356488981674,0.6510901752859284,1.038750646540509,False,
two_guide_first_pass,small_nominal,twoG_b-p_m_l-0.45_0.45_o--5.00_-5.00_al-0.80_ao--4.00_ex--8.00_ey--4.00,flexion_sweep,2.059886379553946,1.2365885990441214,18.831459213016444,0.0,0.006145615843260587,0.010742170362197013,0.6239192893563765,0.648453891144692,1.0398037740279074,False,
two_guide_first_pass,large_nominal,twoG_b-p_m_l-0.45_0.45_o--5.00_-5.00_al-0.80_ao--4.00_ex--8.00_ey--4.00,flexion_sweep,1.860527663435522,1.1467094906432895,20.212975459195675,0.0,0.005950672265019762,0.010397484737617447,0.6252964245118157,0.6561665778073434,1.0398978433685886,False,
two_guide_first_pass,small_high,twoG_b-p_m_l-0.65_0.65_o--5.00_-5.00_al-0.80_ao--4.00_ex--8.00_ey--4.00,flexion_sweep,2.7841231133458253,1.6536223949487727,18.565825468505224,0.0,0.006680555006422944,0.010816919289647226,0.559114063362481,0.6563825831796548,1.0439680047988302,False,
two_guide_first_pass,nominal_mid,twoG_b-p_m_l-0.65_0.65_o--3.00_-3.00_al-0.80_ao--4.00_ex--8.00_ey--4.00,flexion_sweep,2.6532300304552288,1.6596673083597668,15.860211532128389,0.0,0.00638970702382033,0.00985172450968397,0.6030994862581052,0.7615639557035294,1.0507839150403506,False,
two_guide_first_pass,large_mid,twoG_b-p_m_l-0.25_0.45_o--5.00_-5.00_al-0.80_ao--4.00_ex--8.00_ey--4.00,flexion_sweep,2.1334869737503723,1.3114947059203643,20.422360351923118,0.0,0.006439177258123716,0.011370357649420236,0.6075046033324536,0.6453298596082392,1.05192324475656,False,
two_guide_first_pass,nominal_mid,twoG_b-p_m_l-0.25_0.45_o--5.00_-5.00_al-0.80_ao--4.00_ex--8.00_ey--4.00,flexion_sweep,2.2509538267239364,1.3646280121228966,19.688196749706805,0.0,0.006530601783576269,0.01151928683269542,0.6071499547840825,0.6464781660117654,1.0533680282221947,False,
two_guide_first_pass,small_mid,twoG_b-p_m_l-0.25_0.45_o--5.00_-5.00_al-0.80_ao--4.00_ex--8.00_ey--4.00,flexion_sweep,2.381021033356726,1.4221736705586585,18.949718109729233,0.0,0.006657795531268035,0.011746113576553013,0.6081774524600637,0.6477183223750007,1.0574079904640412,False,
two_guide_first_pass,large_high,twoG_b-p_m_l-0.65_0.65_o--3.00_-3.00_al-0.80_ao--4.00_ex--8.00_ey--4.00,flexion_sweep,2.8526248302467856,1.8067087186754294,16.512526837094157,0.0,0.006849197108262535,0.01047001167500294,0.5903309745943984,0.760630233541008,1.0666767055482538,False,
two_guide_first_pass,large_mid,twoG_b-p_m_l-0.45_0.45_o--5.00_-5.00_al-0.80_ao--4.00_ex--8.00_ey--4.00,flexion_sweep,2.13960681295085,1.3187159142397828,20.212975459195675,0.0,0.006843273104772725,0.01195710744826006,0.6252964245118156,0.6561665778073432,1.0678057583201213,False,
two_guide_first_pass,nominal_mid,twoG_b-p_m_l-0.45_0.45_o--5.00_-5.00_al-0.80_ao--4.00_ex--8.00_ey--4.00,flexion_sweep,2.2491547984638025,1.368572084671757,19.52398144209488,0.0,0.006937475681664776,0.012114970074459315,0.6239356488981673,0.6510901752859282,1.068087448259602,False,
two_guide_first_pass,small_mid,twoG_b-p_m_l-0.45_0.45_o--5.00_-5.00_al-0.80_ao--4.00_ex--8.00_ey--4.00,flexion_sweep,2.368869336487038,1.4220768889007394,18.831459213016444,0.0,0.007067458219749673,0.012353495916526564,0.6239192893563764,0.6484538911446918,1.0707020697212164,False,
two_guide_first_pass,small_mid,twoG_b-p_m_l-0.65_0.65_o--3.00_-3.00_al-0.80_ao--4.00_ex--8.00_ey--4.00,flexion_sweep,2.794573528063521,1.725777443467885,15.200729366026096,0.0,0.006770606775423834,0.010565412578935656,0.6176720922731113,0.7623821170677445,1.070711558206241,False,
two_guide_first_pass,small_nominal,twoG_b-p_m_l-0.65_0.45_o--5.00_-5.00_al-0.80_ao--4.00_ex--8.00_ey--4.00,flexion_sweep,2.084223435207208,1.2514045516098444,18.401624598735282,0.0,0.006831163986764287,0.011922941201642688,0.6593549219137297,0.6910280137794556,1.072387847563193,False,
two_guide_first_pass,large_nominal,twoG_b-p_m_l-0.25_0.45_o--3.00_-3.00_al-0.80_ao--4.00_ex--8.00_ey--4.00,flexion_sweep,2.061101366534742,1.3293076152999794,17.091900218089975,0.0,0.006081082028553231,0.010324861762264883,0.667683474327043,0.7660114753642359,1.0727463847916257,False,
two_guide_first_pass,nominal_nominal,twoG_b-p_m_l-0.65_0.45_o--5.00_-5.00_al-0.80_ao--4.00_ex--8.00_ey--4.00,flexion_sweep,1.9872641651917735,1.2080205641018105,19.02330821011958,0.0,0.006750774446842568,0.011777860421445319,0.662245458546797,0.6975827154965212,1.0739407851510825,False,
two_guide_first_pass,large_nominal,twoG_b-p_m_l-0.65_0.45_o--5.00_-5.00_al-0.80_ao--4.00_ex--8.00_ey--4.00,flexion_sweep,1.8975309252842616,1.1672608083831897,19.642410794767386,0.0,0.006695514979077589,0.011689059317790138,0.6662022233010653,0.7059727228693398,1.077272716979157,False,
two_guide_first_pass,nominal_nominal,twoG_b-p_m_l-0.25_0.45_o--3.00_-3.00_al-0.80_ao--4.00_ex--8.00_ey--4.00,flexion_sweep,2.1905331331058058,1.3930805615263746,16.321927250876257,0.0,0.006198121567089765,0.010493385379818483,0.670350483495351,0.7669105665583292,1.078044048101485,False,
two_guide_first_pass,large_high,twoG_b-p_m_l-0.25_0.45_o--5.00_-5.00_al-0.80_ao--4.00_ex--8.00_ey--4.00,flexion_sweep,2.4117678833699863,1.4825592327795425,20.422360351923118,0.0,0.007279069943965943,0.012853447777605484,0.6075046033324538,0.6453298596082396,1.0797513357185218,False,
two_guide_first_pass,nominal_high,twoG_b-p_m_l-0.25_0.45_o--5.00_-5.00_al-0.80_ao--4.00_ex--8.00_ey--4.00,flexion_sweep,2.5445564997748855,1.5426229702258833,19.688196749706805,0.0,0.0073824194075210025,0.013021802506525263,0.6071499547840826,0.6464781660117653,1.0827282955272897,False,
two_guide_first_pass,nominal_high,twoG_b-p_m_l-0.65_0.65_o--3.00_-3.00_al-0.80_ao--4.00_ex--8.00_ey--4.00,flexion_sweep,2.9993035126885195,1.8761456529284324,15.860211532128389,0.0,0.007223147070405593,0.011136732054425363,0.6030994862581053,0.7615639557035292,1.0853912632636797,False,
two_guide_first_pass,small_nominal,twoG_b-p_m_l-0.25_0.45_o--3.00_-3.00_al-0.80_ao--4.00_ex--8.00_ey--4.00,flexion_sweep,2.337114721592459,1.463844778192915,15.542880409632716,0.0,0.006345144898662145,0.010725139892649227,0.6743201899559443,0.7677840612925979,1.0862596100279196,False,
two_guide_first_pass,small_high,twoG_b-p_m_l-0.25_0.45_o--5.00_-5.00_al-0.80_ao--4.00_ex--8.00_ey--4.00,flexion_sweep,2.6915889942293427,1.6076745841097881,18.949718109729233,0.0,0.00752620364404213,0.013278215347407762,0.6081774524600638,0.647718322375001,1.088464786551303,False,
two_guide_first_pass,large_nominal,twoG_b-p_m_l-0.45_0.45_o--3.00_-3.00_al-0.80_ao--4.00_ex--8.00_ey--4.00,flexion_sweep,2.0546237037775033,1.3197589844676625,17.044282179228418,0.0,0.006617826732794875,0.01110981359702442,0.6861631532666014,0.7710798573362722,1.0894959303593703,False,
two_guide_first_pass,nominal_nominal,twoG_b-p_m_l-0.45_0.45_o--3.00_-3.00_al-0.80_ao--4.00_ex--8.00_ey--4.00,flexion_sweep,2.1708733080918536,1.3765542200709509,16.327908201317868,0.0,0.006765992954144805,0.011343770502505813,0.6885060010756375,0.7717077172953722,1.0938826837599627,False,
two_guide_first_pass,large_high,twoG_b-p_m_l-0.45_0.45_o--5.00_-5.00_al-0.80_ao--4.00_ex--8.00_ey--4.00,flexion_sweep,2.4186859624661787,1.4907223378362764,20.212975459195675,0.0,0.007735873944525692,0.013516730158902684,0.6252964245118157,0.6561665778073437,1.0957136732716544,False,
two_guide_first_pass,nominal_high,twoG_b-p_m_l-0.45_0.45_o--5.00_-5.00_al-0.80_ao--4.00_ex--8.00_ey--4.00,flexion_sweep,2.5425228156547335,1.5470814870202476,19.52398144209488,0.0,0.007842363814055836,0.013695183562432276,0.6239356488981675,0.6510901752859284,1.0974242499786953,False,
two_guide_first_pass,small_nominal,twoG_b-p_m_l-0.45_0.45_o--3.00_-3.00_al-0.80_ao--4.00_ex--8.00_ey--4.00,flexion_sweep,2.2998076702892956,1.4386242296352318,15.60340210608696,0.0,0.006948167711346637,0.011654330108831986,0.6921984723877381,0.7722723807949795,1.1008108546793958,False,
two_guide_first_pass,small_high,twoG_b-p_m_l-0.45_0.45_o--5.00_-5.00_al-0.80_ao--4.00_ex--8.00_ey--4.00,flexion_sweep,2.6778522934201305,1.6075651787573577,18.831459213016444,0.0,0.007989300596238764,0.01396482147085612,0.6239192893563766,0.6484538911446923,1.1016003654145259,False,
two_guide_first_pass,small_mid,twoG_b-p_m_l-0.65_0.45_o--5.00_-5.00_al-0.80_ao--4.00_ex--8.00_ey--4.00,flexion_sweep,2.396856950488289,1.439115234351321,18.401624598735282,0.0,0.007855838584778929,0.013711382381889091,0.6593549219137297,0.6910280137794554,1.1036511990913012,False,
two_guide_first_pass,large_mid,twoG_b-p_m_l-0.25_0.45_o--3.00_-3.00_al-0.80_ao--4.00_ex--8.00_ey--4.00,flexion_sweep,2.370266571514953,1.5287037575949765,17.091900218089975,0.0,0.0069932443328362135,0.011873591026604614,0.6676834743270429,0.7660114753642362,1.1036629052896465,False,
two_guide_first_pass,nominal_mid,twoG_b-p_m_l-0.65_0.45_o--5.00_-5.00_al-0.80_ao--4.00_ex--8.00_ey--4.00,flexion_sweep,2.2853537899705394,1.3892236487170817,19.02330821011958,0.0,0.0077633906138689516,0.013544539484662117,0.662245458546797,0.6975827154965213,1.103749747628959,False,
two_guide_first_pass,large_mid,twoG_b-p_m_l-0.65_0.45_o--5.00_-5.00_al-0.80_ao--4.00_ex--8.00_ey--4.00,flexion_sweep,2.182160564076901,1.3423499296406678,19.642410794767386,0.0,0.007699842225939225,0.013442418215458656,0.6662022233010652,0.7059727228693398,1.1057356808584207,False,
two_guide_first_pass,small_high,twoG_b-p_m_l-0.65_0.65_o--3.00_-3.00_al-0.80_ao--4.00_ex--8.00_ey--4.00,flexion_sweep,3.159083118680503,1.9508788491376094,15.200729366026096,0.0,0.007653729398305207,0.011943509871840313,0.6176720922731114,0.7623821170677447,1.1071625172679394,False,
two_guide_first_pass,nominal_mid,twoG_b-p_m_l-0.25_0.45_o--3.00_-3.00_al-0.80_ao--4.00_ex--8.00_ey--4.00,flexion_sweep,2.519113103071676,1.6020426457553305,16.321927250876257,0.0,0.007127839802153228,0.012067393186791255,0.670350483495351,0.7669105665583292,1.110902045098072,False,
two_guide_first_pass,large_mid,twoG_b-p_m_l-0.45_0.45_o--3.00_-3.00_al-0.80_ao--4.00_ex--8.00_ey--4.00,flexion_sweep,2.362817259344129,1.5177228321378116,17.044282179228418,0.0,0.007610500742714105,0.01277628563657808,0.6861631532666013,0.771079857336272,1.1203152859160326,False,
two_guide_first_pass,small_mid,twoG_b-p_m_l-0.25_0.45_o--3.00_-3.00_al-0.80_ao--4.00_ex--8.00_ey--4.00,flexion_sweep,2.6876819298313275,1.6834214949218516,15.542880409632716,0.0,0.007296916633461465,0.012333910876546608,0.6743201899559443,0.7677840612925979,1.1213163308518064,False,
two_guide_first_pass,nominal_mid,twoG_b-p_m_l-0.45_0.45_o--3.00_-3.00_al-0.80_ao--4.00_ex--8.00_ey--4.00,flexion_sweep,2.4965043043056316,1.583037353081593,16.327908201317868,0.0,0.007780891897266524,0.013045336077881683,0.6885060010756375,0.7717077172953724,1.1264457833813406,False,
two_guide_first_pass,large_nominal,twoG_b-p_m_l-0.65_0.45_o--3.00_-3.00_al-0.80_ao--4.00_ex--8.00_ey--4.00,flexion_sweep,2.088697725561414,1.3314480928658825,16.52979890739212,0.0,0.007624276358241299,0.012858653376425746,0.7316715696603394,0.7770081835965075,1.1314926477679816,False,
two_guide_first_pass,nominal_nominal,twoG_b-p_m_l-0.65_0.45_o--3.00_-3.00_al-0.80_ao--4.00_ex--8.00_ey--4.00,flexion_sweep,2.1956500507879095,1.382967569502172,15.888440048082131,0.0,0.007760797356456303,0.013081887533165722,0.7316063700373325,0.777310158127001,1.1335575367532744,False,
two_guide_first_pass,nominal_high,twoG_b-p_m_l-0.65_0.45_o--5.00_-5.00_al-0.80_ao--4.00_ex--8.00_ey--4.00,flexion_sweep,2.583443414749306,1.5704267333323536,19.02330821011958,0.0,0.008776006780895339,0.01531121854787892,0.6622454585467971,0.6975827154965215,1.1335587101068358,False,
two_guide_first_pass,large_high,twoG_b-p_m_l-0.65_0.45_o--5.00_-5.00_al-0.80_ao--4.00_ex--8.00_ey--4.00,flexion_sweep,2.4667902028695403,1.5174390508981468,19.642410794767386,0.0,0.008704169472800866,0.015195777113127182,0.6662022233010654,0.7059727228693401,1.1341986447376848,False,
two_guide_first_pass,large_high,twoG_b-p_m_l-0.25_0.45_o--3.00_-3.00_al-0.80_ao--4.00_ex--8.00_ey--4.00,flexion_sweep,2.679431776495165,1.7280998998899733,17.091900218089975,0.0,0.007905406637119201,0.013422320290944353,0.6676834743270431,0.7660114753642361,1.134579425787668,False,
two_guide_first_pass,small_high,twoG_b-p_m_l-0.65_0.45_o--5.00_-5.00_al-0.80_ao--4.00_ex--8.00_ey--4.00,flexion_sweep,2.709490465769371,1.6268259170927977,18.401624598735282,0.0,0.008880513182793575,0.015499823562135504,0.6593549219137298,0.6910280137794559,1.1349145506194094,False,
two_guide_first_pass,small_mid,twoG_b-p_m_l-0.45_0.45_o--3.00_-3.00_al-0.80_ao--4.00_ex--8.00_ey--4.00,flexion_sweep,2.64477882083269,1.6544178640805165,15.60340210608696,0.0,0.00799039286804863,0.013402479625156782,0.692198472387738,0.7722723807949793,1.1353079697337352,False,
two_guide_first_pass,small_nominal,twoG_b-p_m_l-0.65_0.45_o--3.00_-3.00_al-0.80_ao--4.00_ex--8.00_ey--4.00,flexion_sweep,2.3122650867527805,1.4385444461984815,15.24034244816984,0.0,0.007927887366936032,0.013375215506456106,0.7327296544930789,0.7775393583738962,1.1377247385339,False,
two_guide_first_pass,nominal_high,twoG_b-p_m_l-0.25_0.45_o--3.00_-3.00_al-0.80_ao--4.00_ex--8.00_ey--4.00,flexion_sweep,2.8476930730375476,1.8110047299842869,16.321927250876257,0.0,0.008057558037216696,0.013641400993764033,0.6703504834953511,0.7669105665583295,1.1437600420946594,False,
two_guide_first_pass,large_high,twoG_b-p_m_l-0.45_0.45_o--3.00_-3.00_al-0.80_ao--4.00_ex--8.00_ey--4.00,flexion_sweep,2.6710108149107543,1.7156866798079613,17.044282179228418,0.0,0.00860317475263334,0.014442757676131752,0.6861631532666014,0.7710798573362723,1.1511346414726953,False,
two_guide_first_pass,small_high,twoG_b-p_m_l-0.25_0.45_o--3.00_-3.00_al-0.80_ao--4.00_ex--8.00_ey--4.00,flexion_sweep,3.0382491380701975,1.9029982116507895,15.542880409632716,0.0,0.00824868836826079,0.013942681860444001,0.6743201899559446,0.7677840612925979,1.1563730516756936,False,
two_guide_first_pass,nominal_high,twoG_b-p_m_l-0.45_0.45_o--3.00_-3.00_al-0.80_ao--4.00_ex--8.00_ey--4.00,flexion_sweep,2.82213530051941,1.7895204860922362,16.327908201317868,0.0,0.008795790840388246,0.01474690165325756,0.6885060010756378,0.7717077172953727,1.1590088830027185,False,
two_guide_first_pass,small_nominal,twoG_b-p_m_l-0.45_0.25_o--5.00_-5.00_al-0.80_ao--4.00_ex--8.00_ey--4.00,flexion_sweep,2.0711050703422367,1.2499511644814127,17.635658702884697,0.0,0.008952583825039261,0.016808510159465714,0.7583648032892116,0.8710221387329223,1.1609021520188265,False,
two_guide_first_pass,large_mid,twoG_b-p_m_l-0.65_0.45_o--3.00_-3.00_al-0.80_ao--4.00_ex--8.00_ey--4.00,flexion_sweep,2.4020023843956255,1.531165306795765,16.52979890739212,0.0,0.008767917811977492,0.014787451382889607,0.7316715696603393,0.7770081835965074,1.1628231136514027,False,
two_guide_first_pass,small_nominal,twoG_b-p_m_l-0.65_0.25_o--5.00_-5.00_al-0.80_ao--4.00_ex--8.00_ey--4.00,flexion_sweep,2.056038390193428,1.2454085329757916,17.589233407489388,0.0,0.009084326804343212,0.016844387163344625,0.7632081634755363,0.8656331001447644,1.1639576049357383,False,
two_guide_first_pass,small_nominal,twoG_b-p_m_l-0.25_0.25_o--5.00_-5.00_al-0.80_ao--4.00_ex--8.00_ey--4.00,flexion_sweep,2.105065636283127,1.262823137663365,17.55015337949068,0.0,0.00886619403519584,0.01676807800805655,0.7609796886686131,0.8855720918504302,1.1655258080041655,False,
two_guide_first_pass,nominal_mid,twoG_b-p_m_l-0.65_0.45_o--3.00_-3.00_al-0.80_ao--4.00_ex--8.00_ey--4.00,flexion_sweep,2.524997558406096,1.5904127049274976,15.888440048082131,0.0,0.008924916959924747,0.015044170663140578,0.7316063700373324,0.7773101581270009,1.166492287515093,False,
two_guide_first_pass,nominal_nominal,twoG_b-p_m_l-0.45_0.25_o--5.00_-5.00_al-0.80_ao--4.00_ex--8.00_ey--4.00,flexion_sweep,1.9683010434512913,1.20367995606507,18.23169361146256,0.0,0.00895387980752052,0.016758541711903427,0.7680458330065362,0.8844067872639051,1.1683279330843108,False,
two_guide_first_pass,small_high,twoG_b-p_m_l-0.45_0.45_o--3.00_-3.00_al-0.80_ao--4.00_ex--8.00_ey--4.00,flexion_sweep,2.9897499713760847,1.8702114985258018,15.60340210608696,0.0,0.009032618024750628,0.015150629141481587,0.6921984723877382,0.7722723807949794,1.169805084788075,False,
two_guide_first_pass,nominal_nominal,twoG_b-p_m_l-0.25_0.25_o--5.00_-5.00_al-0.80_ao--4.00_ex--8.00_ey--4.00,flexion_sweep,1.9943595862233658,1.2136786233144967,18.167386505394276,0.0,0.008870667912351329,0.01672786593866416,0.7702739213550025,0.8981241070777666,1.1720737025040395,False,
two_guide_first_pass,small_mid,twoG_b-p_m_l-0.65_0.45_o--3.00_-3.00_al-0.80_ao--4.00_ex--8.00_ey--4.00,flexion_sweep,2.659104849765697,1.6543261131282534,15.24034244816984,0.0,0.009117070471976435,0.015381497832424523,0.7327296544930788,0.7775393583738964,1.1724087148351916,False,
two_guide_first_pass,nominal_nominal,twoG_b-p_m_l-0.65_0.25_o--5.00_-5.00_al-0.80_ao--4.00_ex--8.00_ey--4.00,flexion_sweep,1.9571738923223185,1.2008821116663035,18.152766706660913,0.0,0.00911078630175094,0.016846968291153747,0.7740837035445836,0.8807504703836578,1.1725737570912154,False,
two_guide_first_pass,large_nominal,twoG_b-p_m_l-0.45_0.25_o--5.00_-5.00_al-0.80_ao--4.00_ex--8.00_ey--4.00,flexion_sweep,1.8739536334202045,1.160528280327099,18.822882919878225,0.0,0.008972293171672474,0.016753634505724636,0.778179258869164,0.8984417352292208,1.177024996078226,False,
two_guide_first_pass,large_nominal,twoG_b-p_m_l-0.25_0.25_o--5.00_-5.00_al-0.80_ao--4.00_ex--8.00_ey--4.00,flexion_sweep,1.8939915572123676,1.1682169959502147,18.77935111855956,0.0,0.008889471533327031,0.016724606870617553,0.7799197193623131,0.9111234996008643,1.1799671059993755,False,
two_guide_first_pass,large_nominal,twoG_b-p_m_l-0.65_0.25_o--5.00_-5.00_al-0.80_ao--4.00_ex--8.00_ey--4.00,flexion_sweep,1.865870761370445,1.1591337712527388,18.712071664992067,0.0,0.009152890990195355,0.01689242794363104,0.7853641938534259,0.8964857727752342,1.1823305561341793,False,
two_guide_first_pass,small_mid,twoG_b-p_m_l-0.45_0.25_o--5.00_-5.00_al-0.80_ao--4.00_ex--8.00_ey--4.00,flexion_sweep,2.381770830893572,1.4374438391536244,17.635658702884697,0.0,0.010295471398795147,0.019329786683385565,0.7583648032892115,0.8710221387329221,1.19196872807396,False,
two_guide_first_pass,large_high,twoG_b-p_m_l-0.65_0.45_o--3.00_-3.00_al-0.80_ao--4.00_ex--8.00_ey--4.00,flexion_sweep,2.7153070432298385,1.7308825207256473,16.52979890739212,0.0,0.00991155926571369,0.016716249389353476,0.7316715696603395,0.7770081835965076,1.1941535795348244,False,
two_guide_first_pass,small_mid,twoG_b-p_m_l-0.65_0.25_o--5.00_-5.00_al-0.80_ao--4.00_ex--8.00_ey--4.00,flexion_sweep,2.3644441487224417,1.4322198129221602,17.589233407489388,0.0,0.010446975824994693,0.019371045237846315,0.7632081634755362,0.8656331001447641,1.1947981807886396,False,
two_guide_first_pass,small_mid,twoG_b-p_m_l-0.25_0.25_o--5.00_-5.00_al-0.80_ao--4.00_ex--8.00_ey--4.00,flexion_sweep,2.4208254817255956,1.4522466083128696,17.55015337949068,0.0,0.010196123140475214,0.01928328970926503,0.760979688668613,0.8855720918504301,1.1971017925484124,False,
two_guide_first_pass,nominal_mid,twoG_b-p_m_l-0.45_0.25_o--5.00_-5.00_al-0.80_ao--4.00_ex--8.00_ey--4.00,flexion_sweep,2.2635461999689848,1.3842319494748303,18.23169361146256,0.0,0.010296961778648597,0.019272322968688943,0.7680458330065362,0.884406787263905,1.1978524487360802,False,
two_guide_first_pass,nominal_high,twoG_b-p_m_l-0.65_0.45_o--3.00_-3.00_al-0.80_ao--4.00_ex--8.00_ey--4.00,flexion_sweep,2.854345066024283,1.7978578403528238,15.888440048082131,0.0,0.010089036563393196,0.017006453793115443,0.7316063700373325,0.7773101581270011,1.1994270382769119,False,
two_guide_first_pass,nominal_mid,twoG_b-p_m_l-0.65_0.25_o--5.00_-5.00_al-0.80_ao--4.00_ex--8.00_ey--4.00,flexion_sweep,2.250749976170666,1.381014428416249,18.152766706660913,0.0,0.010477404247013579,0.019374013534826807,0.7740837035445834,0.8807504703836577,1.20193136547605,False,
two_guide_first_pass,nominal_mid,twoG_b-p_m_l-0.25_0.25_o--5.00_-5.00_al-0.80_ao--4.00_ex--8.00_ey--4.00,flexion_sweep,2.2935135241568707,1.395730416811671,18.167386505394276,0.0,0.010201268099204026,0.019237045829463784,0.7702739213550025,0.8981241070777668,1.20198909629739,False,
two_guide_first_pass,large_mid,twoG_b-p_m_l-0.45_0.25_o--5.00_-5.00_al-0.80_ao--4.00_ex--8.00_ey--4.00,flexion_sweep,2.155046678433235,1.3346075223761642,18.822882919878225,0.0,0.010318137147423344,0.01926667968158333,0.7781792588691638,0.8984417352292206,1.205134300579529,False,
two_guide_first_pass,small_high,twoG_b-p_m_l-0.65_0.45_o--3.00_-3.00_al-0.80_ao--4.00_ex--8.00_ey--4.00,flexion_sweep,3.005944612778615,1.8701077800580257,15.24034244816984,0.0,0.010306253577016842,0.017387780158392943,0.732729654493079,0.7775393583738964,1.2070926911364837,False,
two_guide_first_pass,large_mid,twoG_b-p_m_l-0.25_0.25_o--5.00_-5.00_al-0.80_ao--4.00_ex--8.00_ey--4.00,flexion_sweep,2.178090290794222,1.3434495453427469,18.77935111855956,0.0,0.010222892263326082,0.019233297901210186,0.7799197193623131,0.911123499600864,1.208376979357561,False,
two_guide_first_pass,large_mid,twoG_b-p_m_l-0.65_0.25_o--5.00_-5.00_al-0.80_ao--4.00_ex--8.00_ey--4.00,flexion_sweep,2.1457513755760114,1.3330038369406494,18.712071664992067,0.0,0.010525824638724654,0.01942629213517569,0.7853641938534259,0.896485772775234,1.2103186175547358,False,
two_guide_first_pass,small_nominal,twoG_b-p_m_l-0.45_0.25_o--3.00_-3.00_al-0.80_ao--4.00_ex--8.00_ey--4.00,flexion_sweep,2.234348180091639,1.4057051237923583,14.641164265043543,0.0,0.010107384674280703,0.01813638866521421,0.8317557045283611,0.8979924321401458,1.2216440147389522,False,
two_guide_first_pass,small_nominal,twoG_b-p_m_l-0.65_0.25_o--3.00_-3.00_al-0.80_ao--4.00_ex--8.00_ey--4.00,flexion_sweep,2.19904751011522,1.383389361030406,14.64435438526823,0.0,0.010424217463590624,0.0185289807084029,0.8352503669635117,0.8940443918244317,1.2217331502521533,False,
two_guide_first_pass,small_high,twoG_b-p_m_l-0.45_0.25_o--5.00_-5.00_al-0.80_ao--4.00_ex--8.00_ey--4.00,flexion_sweep,2.692436591444908,1.6249365138258365,17.635658702884697,0.0,0.011638358972551041,0.02185106320730543,0.7583648032892116,0.8710221387329224,1.2230353041290936,False,
two_guide_first_pass,nominal_nominal,twoG_b-p_m_l-0.45_0.25_o--3.00_-3.00_al-0.80_ao--4.00_ex--8.00_ey--4.00,flexion_sweep,2.114105350579219,1.3467577392526167,15.263692392841264,0.0,0.010060696911096048,0.018034425635536755,0.8385927098373703,0.9099787206466831,1.2247765231004988,False,
two_guide_first_pass,small_high,twoG_b-p_m_l-0.65_0.25_o--5.00_-5.00_al-0.80_ao--4.00_ex--8.00_ey--4.00,flexion_sweep,2.6728499072514564,1.6190310928685292,17.589233407489388,0.0,0.01180962484564618,0.021897703312348017,0.7632081634755364,0.8656331001447645,1.2256387566415414,False,
two_guide_first_pass,nominal_nominal,twoG_b-p_m_l-0.65_0.25_o--3.00_-3.00_al-0.80_ao--4.00_ex--8.00_ey--4.00,flexion_sweep,2.0871976424260925,1.3288780878703992,15.227981507003122,0.0,0.010389564022911453,0.018454264787914603,0.8428839890354947,0.9074716501509882,1.2260081429335832,False,
two_guide_first_pass,nominal_high,twoG_b-p_m_l-0.45_0.25_o--5.00_-5.00_al-0.80_ao--4.00_ex--8.00_ey--4.00,flexion_sweep,2.558791356486679,1.5647839428845909,18.23169361146256,0.0,0.01164004374977668,0.02178610422547446,0.7680458330065362,0.8844067872639054,1.2273769643878496,False,
two_guide_first_pass,small_high,twoG_b-p_m_l-0.25_0.25_o--5.00_-5.00_al-0.80_ao--4.00_ex--8.00_ey--4.00,flexion_sweep,2.736585327168065,1.6416700789623746,17.55015337949068,0.0,0.011526052245754594,0.021798501410473518,0.7609796886686132,0.8855720918504302,1.2286777770926596,False,
two_guide_first_pass,large_nominal,twoG_b-p_m_l-0.45_0.25_o--3.00_-3.00_al-0.80_ao--4.00_ex--8.00_ey--4.00,flexion_sweep,2.0052562536334086,1.292793623067251,15.877957000867156,0.0,0.010030143005987703,0.01797146801161027,0.8459315464464345,0.922576872790135,1.2294759434579619,False,
two_guide_first_pass,nominal_high,twoG_b-p_m_l-0.65_0.25_o--5.00_-5.00_al-0.80_ao--4.00_ex--8.00_ey--4.00,flexion_sweep,2.544326060019014,1.561146745166195,18.152766706660913,0.0,0.011844022192276222,0.021901058778499873,0.7740837035445837,0.880750470383658,1.231288973860885,False,
two_guide_first_pass,large_nominal,twoG_b-p_m_l-0.65_0.25_o--3.00_-3.00_al-0.80_ao--4.00_ex--8.00_ey--4.00,flexion_sweep,1.9846698029819745,1.2784589091093106,15.804701746827192,0.0,0.01037124379542242,0.018418703911254723,0.851059359677638,0.9215348328188414,1.2317049707623473,False,
two_guide_first_pass,nominal_high,twoG_b-p_m_l-0.25_0.25_o--5.00_-5.00_al-0.80_ao--4.00_ex--8.00_ey--4.00,flexion_sweep,2.5926674620903762,1.5777822103088461,18.167386505394276,0.0,0.01153186828605673,0.021746225720263412,0.7702739213550026,0.8981241070777671,1.2319044900907405,False,
two_guide_first_pass,large_high,twoG_b-p_m_l-0.45_0.25_o--5.00_-5.00_al-0.80_ao--4.00_ex--8.00_ey--4.00,flexion_sweep,2.436139723446266,1.5086867644252293,18.822882919878225,0.0,0.01166398112317422,0.02177972485744203,0.7781792588691642,0.8984417352292208,1.2332436050808324,False,
two_guide_first_pass,large_high,twoG_b-p_m_l-0.25_0.25_o--5.00_-5.00_al-0.80_ao--4.00_ex--8.00_ey--4.00,flexion_sweep,2.4621890243760776,1.518682094735279,18.77935111855956,0.0,0.01155631299332514,0.02174198893180283,0.7799197193623133,0.9111234996008644,1.2367868527157466,False,
two_guide_first_pass,small_nominal,twoG_b-p_m_l-0.25_0.25_o--3.00_-3.00_al-0.80_ao--4.00_ex--8.00_ey--4.00,flexion_sweep,2.3069015479082586,1.4490524231090494,14.371467058646871,0.0,0.009895618664435269,0.017909119092661286,0.8431247521205153,0.9240556188237101,1.2370094669351999,False,
two_guide_first_pass,large_high,twoG_b-p_m_l-0.65_0.25_o--5.00_-5.00_al-0.80_ao--4.00_ex--8.00_ey--4.00,flexion_sweep,2.4256319897815786,1.5068739026285605,18.712071664992067,0.0,0.011898758287253963,0.021960156326720354,0.7853641938534259,0.8964857727752342,1.2383066789752926,False,
two_guide_first_pass,nominal_nominal,twoG_b-p_m_l-0.25_0.25_o--3.00_-3.00_al-0.80_ao--4.00_ex--8.00_ey--4.00,flexion_sweep,2.169836023860636,1.3822232546682642,15.024884090001208,0.0,0.009867737960892166,0.017840361705950353,0.8495738766503308,0.9343789504307487,1.2384981702674247,False,
two_guide_first_pass,large_nominal,twoG_b-p_m_l-0.25_0.25_o--3.00_-3.00_al-0.80_ao--4.00_ex--8.00_ey--4.00,flexion_sweep,2.0482346407445005,1.3218964897459715,15.669181095985792,0.0,0.009851403500142141,0.01779994357560704,0.8563926495521792,0.945180305990185,1.2418058455912575,False,
two_guide_first_pass,small_mid,twoG_b-p_m_l-0.65_0.25_o--3.00_-3.00_al-0.80_ao--4.00_ex--8.00_ey--4.00,flexion_sweep,2.528904636632503,1.5908977651849667,14.64435438526823,0.0,0.011987850083129215,0.02130832781466333,0.8352503669635117,0.8940443918244316,1.2547188629038817,False,
two_guide_first_pass,small_mid,twoG_b-p_m_l-0.45_0.25_o--3.00_-3.00_al-0.80_ao--4.00_ex--8.00_ey--4.00,flexion_sweep,2.5695004071053855,1.6165608923612118,14.641164265043543,0.0,0.011623492375422807,0.020856846964996338,0.8317557045283611,0.8979924321401459,1.2551592374403269,False,
two_guide_first_pass,nominal_mid,twoG_b-p_m_l-0.45_0.25_o--3.00_-3.00_al-0.80_ao--4.00_ex--8.00_ey--4.00,flexion_sweep,2.431221153166101,1.548771400140509,15.263692392841264,0.0,0.011569801447760453,0.02073958948086727,0.8385927098373703,0.9099787206466828,1.256488103359187,False,
two_guide_first_pass,nominal_mid,twoG_b-p_m_l-0.65_0.25_o--3.00_-3.00_al-0.80_ao--4.00_ex--8.00_ey--4.00,flexion_sweep,2.400277288790006,1.5282098010509588,15.227981507003122,0.0,0.011947998626348169,0.021222404506101793,0.8428839890354947,0.9074716501509881,1.2573161075699746,False,
two_guide_first_pass,large_mid,twoG_b-p_m_l-0.45_0.25_o--3.00_-3.00_al-0.80_ao--4.00_ex--8.00_ey--4.00,flexion_sweep,2.30604469167842,1.4867126665273385,15.877957000867156,0.0,0.011534664456885857,0.020667188213351808,0.8459315464464344,0.9225768727901349,1.2595547872624628,False,
two_guide_first_pass,large_mid,twoG_b-p_m_l-0.65_0.25_o--3.00_-3.00_al-0.80_ao--4.00_ex--8.00_ey--4.00,flexion_sweep,2.2823702734292706,1.4702277454757071,15.804701746827192,0.0,0.011926930364735782,0.02118150949794293,0.8510593596776379,0.9215348328188414,1.2614750178070768,False,
two_guide_first_pass,nominal_mid,twoG_b-p_m_l-0.25_0.25_o--3.00_-3.00_al-0.80_ao--4.00_ex--8.00_ey--4.00,flexion_sweep,2.4953114274397312,1.5895567428685038,15.024884090001208,0.0,0.011347898655025989,0.02051641596184291,0.8495738766503308,0.9343789504307488,1.2710457106253343,False,
two_guide_first_pass,small_mid,twoG_b-p_m_l-0.25_0.25_o--3.00_-3.00_al-0.80_ao--4.00_ex--8.00_ey--4.00,flexion_sweep,2.6529367800944974,1.6664102865754067,14.371467058646871,0.0,0.011379961464100558,0.02059548695656048,0.8431247521205154,0.9240556188237101,1.2716129901538238,False,
two_guide_first_pass,large_mid,twoG_b-p_m_l-0.25_0.25_o--3.00_-3.00_al-0.80_ao--4.00_ex--8.00_ey--4.00,flexion_sweep,2.3554698368561757,1.520180963207867,15.669181095985792,0.0,0.011329114025163461,0.020469935111948095,0.8563926495521791,0.9451803059901852,1.272529365202425,False,
two_guide_first_pass,small_high,twoG_b-p_m_l-0.65_0.25_o--3.00_-3.00_al-0.80_ao--4.00_ex--8.00_ey--4.00,flexion_sweep,2.858761763149787,1.798406169339528,14.64435438526823,0.0,0.013551482702667813,0.02408767492092377,0.8352503669635118,0.8940443918244321,1.28770457555561,False,
two_guide_first_pass,nominal_high,twoG_b-p_m_l-0.45_0.25_o--3.00_-3.00_al-0.80_ao--4.00_ex--8.00_ey--4.00,flexion_sweep,2.7483369557529844,1.7507850610284017,15.263692392841264,0.0,0.013078905984424865,0.02344475332619779,0.8385927098373704,0.9099787206466832,1.2881996836178753,False,
two_guide_first_pass,nominal_high,twoG_b-p_m_l-0.65_0.25_o--3.00_-3.00_al-0.80_ao--4.00_ex--8.00_ey--4.00,flexion_sweep,2.713356935153921,1.7275415142315194,15.227981507003122,0.0,0.01350643322978489,0.023990544224288993,0.8428839890354949,0.9074716501509886,1.2886240722063662,False,
two_guide_first_pass,small_high,twoG_b-p_m_l-0.45_0.25_o--3.00_-3.00_al-0.80_ao--4.00_ex--8.00_ey--4.00,flexion_sweep,2.904652634119132,1.8274166609300657,14.641164265043543,0.0,0.013139600076564917,0.02357730526477848,0.8317557045283612,0.8979924321401462,1.2886744601417015,False,
two_guide_first_pass,large_high,twoG_b-p_m_l-0.45_0.25_o--3.00_-3.00_al-0.80_ao--4.00_ex--8.00_ey--4.00,flexion_sweep,2.6068331297234315,1.6806317099874264,15.877957000867156,0.0,0.013039185907784016,0.023362908415093357,0.8459315464464346,0.9225768727901352,1.2896336310669643,False,
two_guide_first_pass,large_high,twoG_b-p_m_l-0.65_0.25_o--3.00_-3.00_al-0.80_ao--4.00_ex--8.00_ey--4.00,flexion_sweep,2.580070743876567,1.661996581842104,15.804701746827192,0.0,0.01348261693404915,0.023944315084631147,0.851059359677638,0.9215348328188417,1.2912450648518066,False,
two_guide_first_pass,large_high,twoG_b-p_m_l-0.25_0.25_o--3.00_-3.00_al-0.80_ao--4.00_ex--8.00_ey--4.00,flexion_sweep,2.662705032967851,1.7184654366697631,15.669181095985792,0.0,0.012806824550184786,0.023139926648289157,0.8563926495521793,0.9451803059901852,1.3032528848135927,False,
two_guide_first_pass,nominal_high,twoG_b-p_m_l-0.25_0.25_o--3.00_-3.00_al-0.80_ao--4.00_ex--8.00_ey--4.00,flexion_sweep,2.8207868310188267,1.796890231068744,15.024884090001208,0.0,0.012828059349159818,0.02319247021773547,0.8495738766503309,0.9343789504307488,1.303593250983244,False,
two_guide_first_pass,small_high,twoG_b-p_m_l-0.25_0.25_o--3.00_-3.00_al-0.80_ao--4.00_ex--8.00_ey--4.00,flexion_sweep,2.998972012280737,1.8837681500417642,14.371467058646871,0.0,0.012864304263765851,0.02328185482045968,0.8431247521205154,0.9240556188237106,1.3062165133724477,False,
